authorMeta/fans,authorMeta/name,authorMeta/privateAccount,authorMeta/verified,collectCount,commentCount,diggCount,playCount,shareCount,textLanguage,videoMeta/duration,hashtags,year,month,day,weekday,hour
1763,carol.reads.books,False,False,2,3,36,339,1,en,98,"greenscreensticker, bookreview, jodipicoult, shakespeare, fraud, historicalromance, fable, womeninhistory, theatre",2025,4,14,Monday,23
35900,tiffanypreads,False,False,1,5,62,1383,1,en,20," fablepartner, booktok, booklover, bookish, bookreview",2025,5,3,Saturday,14
135,just1morechapterpodcast,False,False,3,2,20,1201,4,en,48," fable, bookrecommendations, bookclubtiktok, bookclub, onlinebookclubs, bookapp, bookreivew, bookpodcast, booktok",2024,11,28,Thursday,22
2821,alyssatex,False,False,134,68,685,41900,66,en,299," booktracker, booktrackerapp, bookish, booktokclub, booktiktok, booktiktoker, greenscreen, creatorsearchinsights",2024,12,10,Tuesday,23
3958,thebookcritic_,False,False,886,384,5430,86200,188,en,204,"booktok, books, bookish, goodreads, storygraph, fable, bookreviews, bookrating, reading",2024,12,15,Sunday,13
21800,getfable,False,False,2,2,69,38200,0,en,9,"booktok, books, bookish, goodreads, storygraph, fable, bookreviews, bookrating, reading",2024,12,16,Monday,16
1924,summerbakerreads,False,False,122,52,405,32600,33,en,552,"booktok, readinggoal, tbr, booktracking",2025,1,2,Thursday,5
2358,gahlfalkner,False,False,0,2,11,211,0,en,209,"bookclubtiktok, fableapp, bookofazreal",2025,4,5,Saturday,23
1358,sarah.pilon.books,False,False,4,12,40,4681,1,en,22,"booktok, fable, fablebook, books, reader, goodreads, fablereview",2024,12,8,Sunday,18
5105,melaniegrace91,False,False,0,10,33,776,0,en,176,"books, bookclubs",2023,1,7,Saturday,2
17400,headbehindabookaesthetic,False,False,34,48,298,5131,7,en,91," getfable, ad, fablebookclub, fableapp, readingapp, readingtracker, readinggoals, fablepartner, readinglist, bookreviews",2024,10,21,Monday,18
94,gracies.readings,False,False,6,10,61,3354,3,en,11,"booktok, fable, fableapp, fablebookclub, fablebookapp, bookstagram, bookish, goodreads, readingreccomendations, englishliterature, waterstones, bookrecommendations, reading",2025,3,27,Thursday,10
2967,vansupr3macy,False,False,29800,1249,373800,1600000,8341,en,13,"wlw, fable, gigiperez",2025,4,30,Wednesday,1
71100,zhyrg,False,False,18600,272,128200,530000,1647,ms,60,"fable, gigiperez, song, lyric, music, lyrics, lyricsvideo, songs",2025,5,9,Friday,16
17700,ssuperached,False,False,13700,218,80000,640000,1848,en,65,"gigiperez, fable, fablegigiparez, lyrics, fyp, zyxcba, viral",2025,3,4,Tuesday,16
37800,mbs_songs,False,False,32600,495,214100,919700,2500,ms,32,"fable, gigiperez, lyrics, songs, audios, music, songlyrics, bratlyrics, fyp",2025,5,7,Wednesday,18
2200000,damiannnnnnnnnnn__,False,False,4458,63,41500,153700,306,un,23,"fable, gigiperez",2025,5,12,Monday,4
456,wiseedyy,False,False,18,5,102,1136,2,en,23,"thefable, fable, anime, animeedit, manga, mangaedit, reccomendation, fyp, elbruso",2025,5,12,Monday,17
400,textoverlays_edit,False,False,14,4,211,846,2,en,23," overlay, lyrics, overlayedit, textoverlays_edit, fable, gigiperez, fyp",2025,5,12,Monday,16
81200,k1ttyl0va,False,False,48100,866,309200,2500000,7550,en,34,"lyrics, gigiperez, fable, brat, fy, viral, xyzcba",2024,10,26,Saturday,20
30700,maiapapayaa,False,False,1101,74,7731,2500000,413,en,49," fablepartner, fable, booktok, fantasybooks, romancebooks, darkromance",2025,3,28,Friday,17
36600,dylanxaxcs,False,False,6013,62,46700,186700,392,ms,60,"fable, gigiperez, lyrics, fyp, zyxbca, brat, lyrics_songs, bratlyrics",2025,5,9,Friday,13
337,lyricsfromv,False,False,23,2,255,2954,0,en,50," aux, music, audios, lyrics, indie, alt, fable, gigiperez",2025,5,7,Wednesday,19
1658,motherr.myya,False,False,5,10,70,586,5,en,15," fortnitetrend, fable, fortnitefable, fortnitegirly, dontletthisflop, trends, imsoinlovewithyou, prettylittlebaby, myman, mymanmymanmyman, couplegoals",2025,5,12,Monday,7
922,lyricsforyou_18,False,False,348,16,868,26400,41,en,256,"gigiperez, fable",2025,4,17,Thursday,9
29800,gigiperezvault,False,False,244,14,1640,10800,44,en,72,"gigiperez, fable, live, fyp, fypシ゚viral, wuhluhwuh, wlw, fangirl, xyzbca, viral, lyrics",2025,5,8,Thursday,17
5,things.fa11.apart,False,False,27,14,148,766,16,en,46,"jinx, jinxarcane, jinxedit, isha, ishaarcaneedit, ishaarcane, lilsha, arcane, arcaneleagueoflegends, arcaneedit, fable, fablegigiperez, gigiperez, edit, fyp",2025,5,12,Monday,11
196200,illysamz,False,False,26000,376,164600,912900,3050,en,71,"foryou, viral, lyrics, gigiperez, fable, sad, fyp, sadsong",2025,2,22,Saturday,19
60,echoes_of_gigi,False,False,7,0,60,574,4,en,26,"fyp, foryou, gigiperez, fable",2025,5,11,Sunday,23
142700,shinmusiccc,False,False,608,24,4050,113200,195,vi,362,"nhacnhaymoingay, nhacnaychillphet, shinmusiccc, vodke, mirbro, hshk, hotrend, xuhuong, nhachay, bassboosted, douyin, phonk, phonkhouse, nonstop, remix, instrumental, deephouse, edm, slowedandreverb, slowed, fable, djak",2025,4,30,Wednesday,2
11000,gigiperezarchive,False,False,101,5,796,3315,17,en,52,"  gigiperez, sailorsong, fable, sometimesbackwood, pleaseberude, mutuals, atthebeachineverylife, crown, brat, bratedit",2025,5,11,Sunday,12
322,benfinnapologist,False,False,17,14,125,1290,14,en,36,"fable, fable3, shegotaway, tiktok, benfinnapologist",2025,5,12,Monday,4
3955,boysansgenius,False,False,83100,1564,429000,2200000,20800,en,47,"katniss, thehungergames, hungergames, hungergamesedit, katnisseverdeen, gigiperez, fable, edit, trending, foryou",2024,10,26,Saturday,22
5000000,ign,False,True,3150,3404,36100,682000,8622,en,40,"xbox, fable, delayed, microsoft, gameplay, footage, prealpha, uk, studio, playground, forza, xboxpodcast, podcast, fantasy, city, sword, hammer, fireball, magic, werewolf, rpg, fable3, ign, reboot, gaming, videogames, xboxseriesx, xboxseriess, pc",2025,2,25,Tuesday,17
4,rina45337,False,False,18,1,147,1258,1,en,54,"fable, fablegigiperez, gigiperez, lovewasthelaw, andreligionwastaught, imnotbought, ifeelwhenweargue, ourskinstartstorot, overlay, freetouse",2025,5,11,Sunday,21
29800,gigiperezvault,False,False,14800,322,96600,547200,2500,en,70,"gigiperez, fable, foryou, fyp, fypシ゚viral, live, vevo, wuhluhwuh, wlw, grief, loss, xyzbca",2025,2,20,Thursday,18
5147,hbvtfhv,False,False,2076,19,16900,105800,123,un,46,"fable, gigiperez, fyp, hbvtfhv, lyricssong, musicvideo, brat",2025,4,15,Tuesday,0
432,saycurdaas,False,False,174,15,717,2623,33,en,31,"tlou, thelastofus, ellie, dina, elliewilliams, dinawoodward, abby, abbyanderson, joel, joelmiller, edit, fable, gigiperez, fypp, blowup",2025,5,12,Monday,0
37,kaelyn0211,False,False,6,5,91,642,0,en,10,"fyp, foryourpage, foru, foryou, forupage, relatable, trending, gigiperez, fable",2025,4,28,Monday,18
26,pxynity,False,False,121,7,518,2592,16,en,23,"ziam, pxynity, viral, edit, onedirection, fyp, fable, gigiperez, goviral",2025,5,10,Saturday,14
371,swiftielittle,False,False,8,15,110,1168,15,en,7,"fypシ, fyp, teamwork, blowthisup, blowthisup?, gracieabrams, fable, gigiperez",2025,5,7,Wednesday,6
2087,ky.sturn,False,False,2,0,20,159,0,en,10,"hurt, hurtfeelings, youhurtme, girlfriend, couple, matt, mattsturniolo, sturniolotriplets, fanpage, fable, fablegigiperez, fablebygigiperez, gigi, gigiperez, thoughts, why, relate, relatable, relatablethoughts, relatablecontent, matt, mattsturniolo, sturniolotriplets, viralvideo, viraltiktok, actives, active, actives?, shaddowbanned, unshaddowbanme, chrissturniolo, mattsturniolo, nicksturniolo, iloveyou, matthewsturniolo, nicolassturniolo, matt, xybca, fyp, foryoupag, foryoupage, foryou, fanpage, blowup, dontletthisflop, flopping, flopera, flopera, wlw, fyp",2025,5,12,Monday,18
21800,getfable,False,False,345,119,1816,190800,208,en,222,"fable, booktok, bookapp, readingtracker",2024,10,24,Thursday,18
243,avagracesbookshelf,False,False,3,9,60,1048,0,en,155,"goodreads, fable, storygraph, booktok, bookreviews",2025,2,25,Tuesday,1
1924,summerbakerreads,False,False,5,10,52,1535,6,en,320," greenscreen,  fable, booktrackingapp, booktok, readersummary",2025,1,4,Saturday,19
94,ramblingaboutreads,False,False,3,11,69,1142,0,en,11,"bookish, booktok, bookworm, reading, fyp, tbr, bookreview, fable, goodreads",2025,3,27,Thursday,18
19500,officiallytylee918,False,False,11,37,305,6667,2,en,143,"fable, storygraph, booktok, blackbooktok, bookreviewer",2025,1,3,Friday,2
22,librossafeplace,False,False,168,1,693,16200,74,un,10,"booktok, libros, books, lectura, fable, adrienneyoung, greenscreen",2023,2,15,Wednesday,21
11000,oldskoolgamer90s,False,False,494,84,3380,97000,112,en,19,"gaming, gamer, fable, xbox, playstation, lionhead, meme, xyzbca, gamingontiktok, gaminglife",2023,1,5,Thursday,16
48200,alea_queen_,False,False,86800,1781,507600,2200000,23800,en,62,"disney, disneytok, disneytiktok, disneyedit, disneyprincess, frozen, frozen2, frozenedit, elsa, anna, elsaandanna, fable, gigiperez",2024,11,7,Thursday,14
5310,pf_755,False,False,300,34,1086,59400,95,en,59,"fable, fablereboot, fable4, fable2026, xbox, xboxgames, ps5, ps5pro, ps5games, game, videogames, gameplay",2025,3,1,Saturday,14
1977,mapleleafmanga,False,False,37,41,375,52600,5,en,7," brothaeugh, thefable, thefablemanga, thefableanime, manga, mangatiktok, mangatok, katsuhisaminami, kodansha, kodanshamanga",2024,9,5,Thursday,17
10200,sinfulites,False,False,229,19,1416,15900,106,en,13,"thefable, thefablemanga, akirasatou, mangaedit",2025,3,14,Friday,18
5458,_astrobunny_,False,False,141,51,1078,41200,49,en,15,"fable, fable3, fable3reaver, gamergirl, gamer, nerd, pinkgirl, videogames, foryou, foryoupage",2023,3,15,Wednesday,23
38400,tompdigger,False,False,82,6,515,14500,20,en,27,"thefable, satu, animeedit, aftereffect, aftereffectsedits",2025,2,2,Sunday,4
6244,videogamenost,False,False,1508,550,22100,695200,2887,en,13,"fable2, xbox360, gamingnostalgia, xbox360nostalgia, xbox360games",2024,10,10,Thursday,21
10300,borracha327,False,False,54,4,284,4140,19,un,19,"thefable, fabula, professional, edit, thefableanime, foryoupage, fable",2025,4,23,Wednesday,19
2511,user._8839,False,False,28100,658,145700,694400,7658,en,26,"fypシ゚viral, real, relatable, hashtag, xybca, fyp, vent",2025,4,22,Tuesday,23
175,.3v1e.b,False,False,103,1,1100,25800,17,un,21,"lovewasthelaw, love, lgbt, gayrights, fyp, gigiperez, fable, foryoupagе",2025,3,3,Monday,23
162,l0velyow_,False,False,31,28,365,7611,7,en,12,"fable3, fable, xbox, gaming, fyp",2025,1,24,Friday,17
1085,catjokerofficial,False,False,353,12,834,53100,63,ru,42,"fyp, рек, рекомендации, foryou, fable, игры, обзор, иксбокс, xbox, xboxgamepass",2023,10,12,Thursday,20
29600,xzan_xmlx,False,False,62200,2145,276600,2800000,11400,ru,23,"thefable, thefableanime, thefableedit, akirasatou, anime, animeedit, tiktokponmeenparatiporfa, fyp, foryou, viral, mangaedit",2025,3,1,Saturday,10
22200,imaginelibrary,False,False,125,2,608,9872,39,un,10,"fable, yabancıyayınları, bookaesthetic, booktook, fyp, kesfetteyiz, adrienneyoung",2022,2,24,Thursday,15
44,godofwiisdom,False,False,19,4,231,22300,9,en,21,"xyzbca, anime, manga, animeedit, secretanimesociety",2021,2,22,Monday,11
10600,playboyeditz0,False,False,32500,639,133400,628200,8519,en,73,"getosuguru, gojosatoru, fyp, fy, foryou, foryoupage, geto, gojo, riko, fypシ゚viral, viral, trending, trend, satosugu, jjk, jujutsukaisen, jjkedit, hiddeninventory, animeedit, anime, amv, angst, edit, ae, aftereffects, capcut",2025,1,18,Saturday,21
46,xo.xo.mikayla,False,False,700,20,6343,39800,81,en,15,"wlw, fable, gigiperez, sailorsong, fyp, music, lyrics, viral, teenagegirl, song",2024,10,27,Sunday,0
919,chickenuggets205,False,False,20,0,93,3897,2,un,10,"anime, manga, thefable, fable, fyp, fypシ, mangarecommendation",2022,12,6,Tuesday,1
640900,lucifer_qi0,False,False,2104,73,8130,214500,718,en,11,"thefable, anime, animedit",2024,10,9,Wednesday,19
14600,notrllyhay,False,False,21,6,561,6268,7,un,15,"fable, foryoupage",2024,10,25,Friday,13
44000,donbas.dibujado,False,False,942,69,4314,114100,246,es,59,"shorts, fable3, fableanniversary, retrogaming, retro, xbox, rpg, roleplay, lionheadstudios, microsoftgames, fable",2023,5,26,Friday,19
10900,fable,False,True,172,75,1653,39700,331,en,16,"fablehome, cafe, cafevlog, coffeetiktok",2024,10,2,Wednesday,1
7100000,netflixid,False,True,10500,388,53800,920500,1825,id,77,"netflix, thefable, junichiokada, fuminokimura, rekomendasitonto",2025,4,21,Monday,8
2049,anangel780,False,False,28,2,189,10900,5,un,15,"thefable, thefableedit, thefableanime, akirasatou, akirasatouedit, anime",2025,3,7,Friday,2
63,dalameraspberry.games,False,False,2,3,23,3902,5,en,8,"fable, fable3, fable3gameplay, xbox, xboxone, xboxonegamer, girlgamer",2024,9,17,Tuesday,15
109700,aesturne,False,False,29600,94,196800,847900,5601,en,22,"timotheechalamet, foryou, foryoupage, fyp, viral, timothéechalamet, callmebyourname, beautifulboy",2024,11,8,Friday,20
1291,sipping_spiced_stories,False,False,737,108,3162,116400,107,en,11,"booktok, books, reading, bookapps, fy",2024,12,14,Saturday,15
11600,learningisfun13,False,False,5,1,24,746,1,un,131,"ksa, fypシ, foryou, educational, tiktok, viral, fyp, viralvideo, englishspeaking, 2025, 2025, english",2025,2,11,Tuesday,18
0,kelthusad8,False,False,324,38,1225,18400,131,en,22,"fyp, fable, gameedit, goblincore, fantasy, kelthusad",2024,6,9,Sunday,22
0,fable_peak,False,False,273,56,2014,67500,141,en,36,"fable, fable2, oakvale, meme, sad, fyp, xbox",2025,1,3,Friday,15
0,lauraavens,False,False,153,4,621,13400,61,fr,15,"fableaesthetic, fable, books, booktok, booktokfr, bookaesthetic, aesthetics, fyp",2022,9,21,Wednesday,8
0,murphy_hapu,False,False,2476,297,12900,113300,757,en,12,"sakamotodays, fable, akirasato, fyp, 120fps, edit, manga",2025,3,3,Monday,22
2821,alyssatex,False,False,134,67,685,41900,66,en,299," booktracker, booktrackerapp, bookish, booktokclub, booktiktok, booktiktoker, greenscreen, creatorsearchinsights",2024,12,10,Tuesday,23
0,datboisux,False,False,4666,120,16500,320200,1970,en,33,"alightmotion, thefable, fable, manga, mmv, edit, shadowbanned",2023,8,27,Sunday,13
0,viss0kiss,False,False,9,0,100,1837,23,en,36,"gigiperez, fable, lyrics, fyp, elbruso, recommendations",2025,1,14,Tuesday,14
0,laazaedits,False,False,110,3,415,16200,15,en,18,"edit, mangaedit, thefable, fable, fablemanga, manga",2023,8,4,Friday,12
0,editebymayl,False,False,12900,279,51300,216900,2424,en,23,"younghearts, mariusdesaeger, lougoossens, foryoupage, pourtoi, fyp, prt, fable, vjp, youngheartsedit",2024,12,7,Saturday,17
0,kondraa0,False,False,694,24,3648,58500,196,en,10,"edit, peak, manga, mangaedit, cc, fable, thefable, fyp, trend, viral, underrated, aura, viral",2024,6,12,Wednesday,6
0,zuiix_moser,False,False,267,14,930,21400,104,en,13,"thefable, mangaedit, edit, fable, fyp",2024,11,3,Sunday,8
0,lorkillia,False,False,52500,1064,217200,2200000,5198,en,18,"thefable, akirasato, lightrorensu, thefablemanga, hitmanmanga",2024,7,2,Tuesday,11
0,morgath_,False,False,62600,2967,328400,1800000,26900,en,19,"nostalgia, nostalgic, darkfantasy, fyp, foryoupage, midjourney, ai, aiart, real",2025,3,5,Wednesday,18
0,thatboycp3,False,False,581,25,1837,47200,177,en,6,"mangaedit, thefable, manga, edit, fable, fyp",2023,1,15,Sunday,2
0,anna.eds,False,False,19500,2514,205100,1100000,2362,en,14,"handmaidstale, handmaidstaleedit, god, juneosborne, gilead, handmaidstalescenes, fable, gigiperez, handmaidstaletiktok, hulu, handmaidstaleseason6",2025,4,6,Sunday,22
0,orlapz_,False,False,71400,1767,312900,3300000,10900,un,18,"thefable, thefableanime, thefableedit, akirasatou, anime, animeedit, tiktokponmeenparatiporfa, fyp, foryou, viral, mangaedit",2025,2,22,Saturday,16
0,forsaken_realms,False,False,2699,478,14000,182600,703,en,15,"vahrinscall, darkfantasy, pcgaming, gaming, steam, singleplayer, newgames, gameplay, fable",2025,4,18,Friday,13
0,bookedandbusy77,False,False,167,2505,4090,184200,75,en,5,"booktok, books, bookworm, booktoker, booktokfyp, fable",2025,5,9,Friday,16
0,lucibeegayming,False,False,108,9,669,7036,5,en,10,"smallstreamer, smallcosplayer, cosplayer, fablesmpfable, fsmp, fablecreation, fablefablesmp, sherbertquake56, cosplay",2025,4,22,Tuesday,18
54900,stphlimreads,False,False,12,2,92,3591,10,en,65,fableapp,2024,11,15,Friday,21
2249,laurencarnegiedudek,False,False,1,9,32,450,0,en,208,"fy, fyp, bookreview, books, bookreconmendations, fable, fablebyadrienneyoung, bookishthings",2025,3,19,Wednesday,16
1277,jenette.m.johnson,False,False,5,5,11,341,1,en,111," booktracker, readingreviews",2024,12,10,Tuesday,21
113600,_booktique2_,False,False,60,15,304,5186,7,en,123," booktok, bookish, fable, readingtracker, readingapp, fablepartner",2025,3,25,Tuesday,15
43900,marwa__x20,False,False,70,6,236,2980,5,en,65,"fyp, booktok, bookreview, books, goodreads, fable",2025,5,12,Monday,11
1459,hey.itskendra,False,False,31,40,295,11100,95,en,79,booktok,2025,1,3,Friday,2
41300,srmilesauthor,False,False,79,11,279,3010,19,en,59,"bookrecommendations, chatgpt, fable, goodreads, fypppp",2025,1,3,Friday,13
2440,anime.divers,False,False,150,7,582,12800,34,en,7,"thefable, fable, manga, sato, new, 2024, pro, for, hitman, johnwick",2024,9,27,Friday,20
2821,alyssatex,False,False,134,67,685,41900,66,en,299," booktracker, booktrackerapp, bookish, booktokclub, booktiktok, booktiktoker, greenscreen, creatorsearchinsights",2024,12,10,Tuesday,23
139,keinundzwanzig,False,False,354,10,1249,31400,173,en,12,"fable, thefable, fableedit, thefableedit, fyp, anime, animeedit",2024,10,2,Wednesday,17
16700,yestothemaam,False,False,1,3,27,248,2,en,63,"gigiperez, fable, cover, fyp",2025,5,12,Monday,0
84400,7hr4sh,False,False,37600,433,246000,1300000,5523,en,61,"gigiperez, fable, edit, lyric",2024,10,27,Sunday,8
316,liz_music28,False,False,6,3,72,411,1,en,72,"fyp, gigiperez, fable, cover, singing, wlw, singer, fypシ, trending",2025,5,11,Sunday,17
10400,maddie_.64,False,False,7,7,122,1249,0,en,55,"fyp, viral, musictok, drums, fable",2025,5,7,Wednesday,4
4983,alysia_reads,False,False,1,2,44,364,1,en,8,"readingstreak, books, booktok, booktokfyp, fyp, fable, meme, memecut",2025,5,12,Monday,1
8553,read.with.mo,False,False,0,1,85,709,0,en,6,"spoilers, booktok, booktoker, reader, bookreviews, goodreads, thatwasrude, fyp, booktokfyp, readers, kindle, fable, bookreviewer",2025,5,12,Monday,1
21800,getfable,False,False,1850,216,31300,5600000,390,en,39,"bookish, bookishthoughts, booktok, fable",2025,2,12,Wednesday,21
15500,starsoverlays,False,False,49000,607,295100,1600000,4153,en,33,"lyricsoverlay, overlay, overlaysforediting, overlaysforedits, overlaylyrics, overlays, sadaudio, sadsongs",2025,5,2,Friday,12
11600,ham1lt0n51,False,False,449,49,3641,68000,14,en,30,"thefugitiveedit, theruthdoctor, edit, fableedit, sadedit, edit, doctorwhoedits, doctorwho, ruthjones, 13thdoctoredit, 13thdoctor, jodiewhittaker, jodiewhittakeredit, jomartin, fyp, viral, blowthisup, capcut",2025,5,11,Sunday,5
71100,zhyrg,False,False,6436,69,43700,249100,675,ms,60,"fable, gigiperez, lyricsvideo, lyrics, music, songs",2025,4,22,Tuesday,22
43900,marwa__x20,False,False,70,6,236,2980,5,en,65,"fyp, booktok, bookreview, books, goodreads, fable",2025,5,12,Monday,11
8156,dillymae,False,False,1690,44,3351,32200,92,en,49,"fyp, foru, guitar, guitartok, guitarcover, covers, gigiperez, fable, beginner, guitarist, chords, chordsguitar, guitarchords, tabs, guitartabs, acoustic, acousticcovers, acousticguitar, viralvideos, viralvideotiktok, foryoupage",2025,4,27,Sunday,19
85800,missihavedreams,False,False,19,5,358,2028,3,en,45,"jesuslovesyou, fable, fyp, christaintiktok, lgbt, relatable",2025,5,11,Sunday,0
1400000,spectrexgaming,False,True,33800,2758,202400,2300000,48800,en,88,"gamingontiktok, whattoplay, fable",2024,6,9,Sunday,17
63400,f.ables,False,False,445400,13300,1400000,11800000,117700,en,23,"pavitrprabhakar,   spiderman, spidermanacrossthespiderverse, acrossthespiderverse, atsv, spiderverse, milesmorales, spidermanindia, pavitr, sheshomeless, spiderversesoundtrack",2023,6,8,Thursday,17
63400,f.ables,False,False,133000,3654,501700,2600000,36700,en,17,"MIGUEL,  spiderman, spiderverse, acrossthespiderverse, miguelohara",2023,8,10,Thursday,17
11000,gigiperezarchive,False,False,3864,158,37500,139000,643,en,97," gigiperez, sailorsong, fable, sometimesbackwood, mutuals, pleaseberude, originalsong",2025,3,19,Wednesday,12
226500,hthaze.reactions,False,False,10900,589,123500,702800,1678,en,308,"gigiperez, hthaze, musicreaction",2025,1,12,Sunday,15
792500,ipsaous,False,False,13200,148,24300,352800,840,en,63,"guitartok, guitar, musiciansoftiktok, acousticcovers, sailorsong, gigiperez, fable, fablegigiperez, guitarlesson, guitartutorial, beginner, easy, guitare, pourtoi, guitarra, ipsaous",2024,10,28,Monday,13
1556,lyric.log,False,False,10,2,49,3388,5,ms,34,"music, lyrics, fyp, song, sound, fable, kareoke",2025,4,5,Saturday,16
1421,peabodyrr,False,False,56,65,264,1021,71,en,15," thefable, fablemanga, akirasato, happymothersday",2025,5,11,Sunday,22
535700,nicoannello,False,False,4436,176,42100,276300,936,en,45," couple, cover, singing, harmony, fable, gigiperez, fyp",2024,10,30,Wednesday,22
3525,loupyaudios,False,False,1237,9,8589,77100,149,en,26,"fyp, foryou, viral, xyzcba, bratlyrics, fable, gigiperez",2025,1,12,Sunday,15
183800,clipix66,False,False,23,2,124,1819,0,en,62,"thefable, thefableanime, anime, animetiktok, blowthisup, fyp, foryou, xcyzba, clipix66",2025,5,12,Monday,4
129400,drielhrt,False,False,50600,600,337900,1700000,4399,en,40,"fable, gigiperez, lyricsvideo, music, lyrics, songs",2025,4,19,Saturday,18
1924,summerbakerreads,False,False,122,52,405,32600,33,en,552,"booktok, readinggoal, tbr, booktracking",2025,1,2,Thursday,5
22500,kcs.booksnthings,False,False,10,12,195,4795,4,en,66, fableapp,2025,1,4,Saturday,15
551,veryintobooks,False,False,17,9,213,5329,3,en,44,"booktok, bookseller",2025,4,10,Thursday,3
1350,fangirljeanne,False,False,5,7,88,1163,2,en,216,"booktok, fableapp, fable",2025,1,7,Tuesday,19
4074,gemmasbookishworld,False,False,1,7,33,1136,0,en,8,"fable, bookish, booktok, ukbooktok, fantasyreader, fantasybookrecs, romantasy",2024,10,12,Saturday,7
1791,bookaholichabits,False,False,8,20,48,1846,4,un,80,"capcut, booktok, booklover, fableapp, fabletip",2024,10,26,Saturday,2
52,thatstorygirl7,False,False,6,1,53,1168,4,en,6,"fable, booktok, books, fableapp, book, bookworm, bookrecs, booklover, booktokerfyp, booktoker, girlies, judging, rosalia, bizcochito",2025,5,8,Thursday,14
3843,sam_gabbard,False,False,10,3,51,1740,1,en,23," fable, bookapp, bookish, booktok, booktokfyp",2024,12,7,Saturday,23
52500,alannagraceauthor,False,False,73,62,315,16300,75,en,292," greenscreen, inverted, fable, readingapp, howtousefable, bookclubapp, over40booktokbookclub, bookclub, bookclubtiktok, fabletutorial",2024,11,9,Saturday,14
1670,keembeam87,False,False,8,18,58,1954,4,en,59,"fable, bookapp, hottake, booktok",2025,1,4,Saturday,12
25100,megangad,False,False,3,27,38,2129,1,en,94," tomeapp, booktok, bookapp, fantasybooks, bookish, bookfyp",2025,1,30,Thursday,1
1815,moonstruckkingdom,False,False,1,91,85,880,1,en,63,"booktok, fyp, books, reading, bookish, bookishhumor, bookishthoughts, fableapp",2025,2,2,Sunday,15
16700,thatdoregurl,False,False,615,53,1286,60500,171,en,27,"storygraph, bookly, bookmory, fableapp, fablebookclub, storygraphstats, goodreads, goodreadschallenge, bookrecs, bookgoals, bookchallenge, bookworm, kindleunlimited",2025,1,3,Friday,13
173600,freyvalerio,False,False,55,15,866,13100,9,en,83,"booktok, getfable, fableapp, bookish, bookrecs",2024,9,19,Thursday,5
444,sssydneyyyyyyy,False,False,0,5,8,316,1,en,34,"greenscreen, booktok, bookreview, books, reading, fable, book, bookish, bookworm",2025,5,6,Tuesday,18
18100,brebre.bookshelf,False,False,5,28,97,6293,42,en,24,"fablecontroversy, booktok, booktrackingapps, booktokcommunity, greenscreen, fabledrama",2025,1,3,Friday,6
3301,therachelmonster,False,False,27,3,275,13400,9,en,79,"fablebook, yafantasyseries, yabookreview, adrienneyoung, bookreviewtime",2022,7,4,Monday,21
1351,crisgvh,False,False,31,7,113,3115,14,es,118," BookTok, booktoker, fableapp, applibros, booktracker, bookreview, reviewlibros, librostiktok, readinggoals",2025,4,13,Sunday,13
22500,kcs.booksnthings,False,False,71,156,1585,33600,78,en,92,fableapp,2025,1,3,Friday,15
2684,loverrrforspongebob,False,False,1,0,23,313,0,un,32,"fable, gigiperez, capcut",2025,5,12,Monday,1
1924,summerbakerreads,False,False,122,52,405,32600,33,en,552,"booktok, readinggoal, tbr, booktracking",2025,1,2,Thursday,5
55600,rainiohead,False,False,11700,607,76600,327100,2406,ms,158," cover, guitar, fyp",2025,2,13,Thursday,8
286800,thelawnoisseur,False,False,8,2,55,1776,1,en,15,"duet,  singersongwriter, singing, originalmusic, musician, lyricist",2023,10,9,Monday,18
286800,thelawnoisseur,False,False,41,13,259,7753,8,en,14," musician, originalmusic, singing, singersongwriter",2023,10,4,Wednesday,17
3926,whenshesmiles,False,False,40800,1007,371900,1400000,11100,en,257,"gigiperez, fable, colddropssessions, sailorsong, live, fyp",2025,1,16,Thursday,17
10800,d4ni.ip,False,False,17000,281,125200,644000,1810,en,73," fyp, foryou, fable, lovewasthelaw, capitalloss, gigiperez, guitarcover, songcover",2024,10,25,Friday,0
71,whatthebakarizz,False,False,222,1,2124,10100,43,un,6,"foryou, fyp, fable, mentalhealthmatters, relatable",2025,4,22,Tuesday,0
19800,msroon,False,False,131900,1608,1000000,4900000,24900,en,45,"blackwidow, yelenabelova, natasharomanoff, yelenat, fable, sisters, marvelstudios, msroon, mcu, fyp",2025,2,23,Sunday,1
22300,maxlauton,False,False,5533,209,40400,178200,987,en,87," guitarcover, singing, gigiperez, fable, sailorsong, fyp, trending",2024,12,11,Wednesday,5
6850,curiositykilledthenatt,False,False,47500,3081,612400,2700000,46600,en,38,"gigiperez, fable, sailorsong, fy, fyp, foryoupage, foryourpage, meme, memes, trending, trend, sims4, simstok, simsselves, sims, wlw, lesbian, trauma",2025,2,21,Friday,1
1400000,spectrexgaming,False,True,6547,5072,44500,1000000,13000,en,36,"gamingontiktok, whattoplay, fable",2025,2,25,Tuesday,17
14700,dantedoesgames,False,False,82,98,1094,20000,52,en,56,"greenscreen, fable2, fable, gaming, gamingontiktok, videogames, xbox, playstation, pcgaming",2025,1,1,Wednesday,16
32900,michellelam99,False,False,3060,820,53000,511300,995,en,430,"pokemoncards, pokemontcg, pokemoncommunity, tcgpokemon, pokemon, pokemonrips, shroudedfable",2025,1,26,Sunday,1
26100,foster.bear,False,False,25,7,221,4880,25,en,30,"fosterbear, ragsyandsyd, fortnite, girlgamers, gamergirls, fortnitegirls, epicgames, epicfortnitegamer, fable, likeariver, river",2024,8,22,Thursday,10
962,superdupercooolll,False,False,2710,58,23200,121600,841,un,15,"fable, gigiperez, fyp, wlw",2025,1,18,Saturday,5
165,knightreactsyt,False,False,13,2,166,8773,2,en,179,"gigiperez, fable, newmusic, music, reaction, fyp, viral",2024,10,30,Wednesday,15
3769,avacodeyy,False,False,30200,807,187500,831600,3552,en,51,"fable, gigiperez, singing, cover, fyp, fypシ゚",2025,3,10,Monday,12
1242,books_and_bubs,False,False,3,15,32,965,0,en,41,"storygraph, fableapp, margins, goodreads, 2025reads",2025,1,9,Thursday,3
59100,allthingseryn,False,False,28,52,405,3936,2,en,105,"fableapp, fablebookclub, onlinebookclub, virtualbookclub, inverted",2024,12,27,Friday,19
76700,em_ondrizek,False,False,243,91,1277,20200,44,en,118," booktok, bookreview, fyp, booktokfyp, thrillerbooks, mustreadbooks, bookclub, thrillerbooklover, booksoftiktok, bookrecs, bookrecommendations, thrillerbooktok, thrillerbookrecs, booktalk, books, bookthoughts, booktoker, booklover, readersoftiktok, killformekillforyou, stevecavanagh, goodreads",2025,3,26,Wednesday,1
375,warboy2003,False,False,166,30,1682,50700,19,en,43,"scary, fire, fable, fableanniversary, fable2, fable3, fyp",2022,5,5,Thursday,0
63400,f.ables,False,False,8478,345,26600,395600,2459,en,19,"bigbywolf, bigbywolfedit, telltale, telltalegames, thewolfamongus, wolfamongus, twau, twau2, wolfamongus2, wolfamongusedit, yad, яд",2022,12,14,Wednesday,20
3225,bedtime.stories.kids,False,False,54,28,208,20800,51,en,66,bedtimestories,2024,10,14,Monday,9
42500,pandabearmeow,False,False,1564,48,31300,204800,838,en,12,wlw,2025,5,4,Sunday,18
29600,xzan_xmlx,False,False,2164,114,9543,85800,691,ru,26,"thefable, thefableanime, thefableedit, akirasatou, anime, animeedit, tiktokponmeenparatiporfa, fyp, foryou, viral, mangaedit",2025,3,24,Monday,10
63400,f.ables,False,False,11300,420,50700,420400,2179,en,12,"bigbywolf, bigbywolfedit, bigby, bigbadwolf, telltale, telltalegames, thewolfamongus, wolfamongus, twau, twau2, wolfamongus2, wolfamongusedit",2022,12,9,Friday,23
47,wibunormall,False,False,719,247,4810,67400,198,id,15,"thefable, underrated",2025,2,1,Saturday,14
263,neyoandmom,False,False,802,292,2188,246800,848,id,59,"ceritaanak, parenting, ceritapendek, dongengsebelumtidur, fabel",2024,8,22,Thursday,13
21100,fabletrips,False,False,46900,2844,326800,3100000,19800,en,15,"travel, neuschwanstein, germany, castle, fairytale, royal, medieval, bavaria, neuschwansteincastle, fyp, viral",2024,7,27,Saturday,6
289,rediscovering_reading,False,False,81,2,377,11300,34,en,13,"fable, fableadrienneyoung, fablebook, aestheticoffable, fableaesthetic",2022,1,2,Sunday,16
453600,abdullahreviews,False,True,3204,696,25500,654400,1916,ar,33,"fable, اكسبوكس, xbox, لعبة, العاب_وجيمز, gamingontiktok, gamenight, العاب_فيديو, العاب, جيمر, قيمنق, اكسبلور, tiktokarabgamer, عبدالله_ريفيوز, فيبل",2023,6,12,Monday,11
470,bicepcules_117,False,False,45,14,373,16800,45,en,15,"fyp, nostalgia, videogames, fable1anniversary, fable1, fable2, fable3, fabletiktok, fablelegends, xbox, xboxseriesx",2023,6,7,Wednesday,2
445,always_lauren_,False,False,18,6,260,5579,7,en,6,"fableseries, adrienneyoung, ya, bookcover, bookworm, booktok",2023,3,26,Sunday,1
102,littlee_macc,False,False,14,26,203,14900,7,en,26,"foryou, fyp, fypシ, fyp, xyzcba, explore, like, follow, followthechannel, showsomelove, twitch, fable, fable, fable3, fable3game",2024,2,22,Thursday,3
165,qazanx,False,False,724,27,2719,49100,319,en,15,"vagabond, edit, fable, басня, manga, mangaedit, vinlandsaga",2024,9,9,Monday,17
32,dazaaii6,False,False,4,3,15,792,1,en,202,"winlator, android, fable, mobilegame, creatorsearchinsights",2025,2,23,Sunday,14
4,morriofbowerstone,False,False,6,5,89,1199,1,un,13,"gaming, safespace, fablethelostchapters, fableanniversary, fable2, fable3, fablethejourney",2025,4,4,Friday,21
1062,oukanki,False,False,2758,90,12600,153400,992,en,19,"fable, anime, manga, edit, mangaedit, symbiote, animetiktok, viral, foryou, fyp",2025,2,23,Sunday,16
1146,eldorias_piano_covers,False,False,33,1,132,8096,20,en,115,"piano, pianotutorial, pianocover, pianomusic, fable",2022,10,14,Friday,22
7596,retr0dreamer,False,False,119,23,792,26700,55,en,30,"fable, nostalgia, fable3, microsoft, xbox, xbox360, demons, angels, dog, retrogaming, vintagegames, collection, spell, fyp, foryou, foryourpage",2024,7,16,Tuesday,15
21300,funkolibros,False,False,8,3,29,1011,1,es,12,"booktokmexico, booktoklatinoamerica, fyp, fable, medianoche, adrianneyoung, booktoklatam, booktokenespañol, bilogia, librosdefantasia, librazo, tiktokmexico",2024,5,13,Monday,21
2455,thebookishbrewnette,False,False,5,13,28,770,0,en,127,"fablefortheendoftheworld, bookreview, bookrecs, bookrecommendations, yadystopianbooks",2025,3,13,Thursday,16
1175,pages.of.chloe,False,False,9,11,55,1157,3,en,115,"creatersearchinsights, greenscreen, pagesofchloe, booktok, fable, bookapp, booktok, readersoftiktok, bookbesties",2024,11,25,Monday,18
1544,thescottishbooklover,False,False,1,21,54,425,1,en,167,"books, booktok, bookrecs, bookreview, tbr, fantasy, romantasy, fantasybooks, romantasybooks, adrienneyoung",2025,3,23,Sunday,20
2,gnlmgb9lxqe2ecdsu6,False,False,1,1,37,840,0,en,31,"fable, bookishreels, bookreviews, readerproblems",2025,4,18,Friday,1
728,tmarie.sss_books,False,False,15,7,76,933,1,en,133,"booktok, books, reading, bookworm, bookish, booktokfyp, booktokerfyp, booklove, bookrecommendations, fablefortheendoftheworld, avareid, bookrecs, bookreview, dystopian, dystopianbooks, yadystopian, yabooks, sapphicbooks, sapphicreads",2025,5,6,Tuesday,3
8510,thrilledtobereading,False,False,8,48,84,2032,2,en,53,"booktok, bookrecs, booktokfyp, fyp, booktoker, bookworm, bookclub, bookreccomendations, booklover, bookish, books, creatorsearchinsights",2025,1,6,Monday,21
1482,kayreviewsbooks,False,False,0,1,8,279,0,en,28,"fablebookclub, fablebookclubapp, bookclub, bookclubtiktok, bookclubrecs, bookclubtok, booktok, bookish, bookrecommendations, bookrec, bookrecs",2024,9,11,Wednesday,14
14700,brit.diane,False,False,15,45,207,2239,10,en,61,"books, booktok, fable",2025,1,22,Wednesday,15
52600,sofia.vienny,False,False,770,59,1974,40400,111,es,86,"booktok, clubdelectura, books, libros, clubdelectura, fableapp",2024,6,27,Thursday,20
51500,natcoolstuf57,False,False,1736,237,18400,102300,391,en,64," gigiperez, fable, cover, acoustic, singing, singer, sing, fyp, fypシ, trending",2025,2,18,Tuesday,23
453,ellse.k0,False,False,9,0,157,1707,1,en,13,"gigiperez, fable, fyp",2024,11,29,Friday,4
22500,kcs.booksnthings,False,False,71,156,1585,33600,78,en,92,fableapp,2025,1,3,Friday,15
194,_steph.xb_,False,False,429,54,5195,27800,181,en,33," gigiperez, fable, sailorsong, fyp, washingtondc, lincolntheatre, concerts",2025,4,30,Wednesday,12
480,y.hypn0tized,False,False,158,1,1426,13600,9,en,24,"gigiperez, music, audios, lyric, fable, fyp, blowup?",2025,4,6,Sunday,16
74100,cacta_kate,False,False,403,78,5029,1500000,127,en,23," fablepartner, booktok, fyp",2025,2,27,Thursday,23
28200,nicole__songs,False,False,39,0,257,5465,1,un,70,"fable, song, earphones, slowedandreverb, slowedaudios, slowed, music",2025,4,11,Friday,22
29800,gigiperezvault,False,False,460,73,7096,35600,174,en,11,"gigiperez, fable, fyp, fypシ゚viral, wlw, wuhluhwuh, fangirl, xyzbca, grief, loss",2025,4,17,Thursday,21
111300,lydia.kenny,False,False,12400,443,107000,479600,1726,en,35," cover, fable, gigiperez, fyp, singer, trend",2025,1,12,Sunday,20
210500,jair.faria,False,False,8732,274,83200,394700,1366,en,32," singingcover, fyp, fable",2024,10,29,Tuesday,16
113600,_booktique2_,False,False,60,15,304,5186,7,en,123," booktok, bookish, fable, readingtracker, readingapp, fablepartner",2025,3,25,Tuesday,15
104900,adamklobi,False,False,3170,520,28600,141300,437,en,33," fable, gigiperez, capitalloss, lovewasthelaw",2024,10,26,Saturday,23
107,lyricschannelllll,False,False,12,1,88,2696,0,en,29,"whydoesmyskinstarttoburn?, gigiperez",2025,4,21,Monday,19
380,zap_that_thirst,False,False,4351,406,69400,827400,4061,en,39,"fable, fableanniversary, albion, demondoor, comedy, videogames, oldvideogames, xbox",2024,6,24,Monday,18
25,urmomsfavgam3r,False,False,34,7,744,7179,42,un,16,"sims, ts4, thesims4, simstok, fyp, viral, fable, gigiperez",2025,5,9,Friday,1
69,chvrlistens,False,False,4,0,27,965,0,en,34,"gigiperez, fable, lyrics, brat, xyzcba, fyp, viral",2025,1,3,Friday,14
111700,levellitexp,False,False,1081,128,12400,376900,169,en,61,"fable, fable2",2024,7,12,Friday,22
17900,itsgodsworldnoturs,False,False,58,3,695,4936,5,en,24,"fable, gigiperez",2025,5,2,Friday,16
17900,gqrvia,False,False,2256,36,14800,91200,389,en,33," gigiperez, gigiperezedit, fable, song, vevo, liveperformance, live, edit, foryou, gqrvia, fypシ, viral, trending, edits",2025,4,14,Monday,21
144,kollisanjna,False,False,57,18,499,5002,6,ms,24,"cover, singing, sing, fyp, viral, fypシ゚viral, gigiperez, fable",2025,1,2,Thursday,3
102,amberinhd_,False,False,0,3,2,194,0,en,213,"booktok, books, bookapps, bookappsforreading, readingmoms, momsoftiktok, sahm, adhd, fyp, reading, fable, followme, myshelfie",2025,1,22,Wednesday,5
4615,themoonlitgrimoire,False,False,4,10,40,1004,0,en,5,"fyp, fypシ, smuttok, bookworm, bookish, bookrecs, booklover, hockeyromance, booktokmademereadit, bookshelf, romancebooks, booktok, steamybookrecs, bookhaul, bookbox, currentread, darkromance, darkromancebooks, steamyreads, sportsromance",2025,3,4,Tuesday,15
1341,meldosreis7,False,False,0,16,43,748,1,en,11,"booktok, booktokfyp, reader, bookreview, fable, funny",2025,2,23,Sunday,18
16200,getlitwithlauren,False,False,9,5,75,1324,2,en,102,"bookreview,  hcc, harpercollinscanada, avareid, fablefortheendoftheworld, bookreviewer, arc, reading, booktok",2025,2,12,Wednesday,8
369,booktok_bri,False,False,0,0,14,307,0,en,80,"booktok, bookish, thrillerbooks",2025,4,6,Sunday,18
202,miafesty,False,False,17,3,110,3245,12,en,51," booktok, bookapp, bookgirlies, bookclub, bookreccomendations, booktoker, fantasybooktok, romancebooktok, thrillerbooks",2024,10,14,Monday,16
21800,getfable,False,False,3,15,34,1319,4,en,112,"android, fable, getfable, androiduser, readingtracker",2024,12,10,Tuesday,22
12900,angiereadsbooks_,False,False,168,25,555,9652,42,un,97," booktok, libros, books, fable, goodreads, lectoras, readersoftiktok, reader, tiktoklibros",2025,2,1,Saturday,20
2185,delareads,False,False,1,17,43,1306,0,en,43,"fablebookapp, fable, bookapps, books, bookish, bookreading, kindlereading, goodreads",2024,11,27,Wednesday,19
57600,exclusivepalmbeachliving,False,False,1,4,80,1622,0,un,43," @Fable, bookcommunity, booktok, bookclub, fable",2025,1,4,Saturday,2
87,bg_juice,False,False,9,5,80,1458,11,un,21,"manga, mangatok, thefable, mangatiktok, mangas, mangarecommendation, mangacollection",2025,4,22,Tuesday,19
15100,rarefiedaep,False,False,92,14,462,27900,14,en,10,"fable, fablegame, xbox, velocity, fyp, aftereffects, albion, edit, foryoupage, gameedit, fableedit",2023,6,12,Monday,18
8674,felassanis,False,False,217,38,777,8305,90,en,19,"gaming, fable, fable2",2024,6,4,Tuesday,22
1607,elizaidkwho,False,False,363,39,1456,20200,94,en,20,"fablegame, fable3, edit, trending, fableedit",2023,1,5,Thursday,19
1633,vampserana,False,False,36,6,216,10500,29,en,14,"fable3, fable3gnomes, fable3clip",2023,2,5,Sunday,9
0,murphy_hapu,False,False,659,82,3347,38400,294,en,48,"fable, 120fps, anime, 4k, edit, fyp, mangaedit",2025,1,26,Sunday,11
13000,jackhjohnson.guitar,False,False,57,8,240,4290,6,en,41," guitartok, electricguitarcover, electricguitar, fable",2024,11,13,Wednesday,17
665,skysaudsx,False,False,2432,20,12400,111000,174,en,45,"editaudio, presplitaudios, audio, fable, gigiperez, fablebygigiperez, fyp",2025,1,21,Tuesday,17
8872,oj0eyes,False,False,52,4,184,7190,16,en,15,"aveeplayer, music, fyp, fyp, template, музыка",2023,3,9,Thursday,18
240,kenweewee,False,False,139,13,781,8982,27,en,26,gigiperez,2025,4,14,Monday,0
1658,itsnui7,False,False,56,10,231,6948,18,un,14,"thefable, fyp, anime, akirasatou, edit",2024,12,6,Friday,2
623,forevernoise,False,False,22,5,87,2074,3,un,15,"forevernoise, thefable, thefablemanga, agressive, mangarecommendation, manga, mangaedit, edit, edits, rek, recomendation, fur, viral, foryou",2025,2,24,Monday,14
4902,kaidanmerren,False,False,154,12,1114,15400,29,en,15,"lgbtq, trans, queer, fable, gigiperez, music, lyrics, foryou, fyp",2024,10,27,Sunday,23
196200,illysamz,False,False,7859,211,59700,336100,954,pt,67,"gigiperez, fable, trend, lyric, tradução, letras, tipografia, musica",2024,12,28,Saturday,20
110600,francais_avec_malyk,False,False,349,53,1075,41800,432,fr,53,"fabledelafontaine, learnfrench, contedefaits, apprendrelefrançais",2024,4,6,Saturday,11
3234,lampetjl,False,False,29,86,235,9516,11,ru,17,"fable, emulator, android, winlator, phone, gameplay",2025,2,22,Saturday,18
1213,themane237,False,False,4,5,41,1635,3,en,18,"fable, fable3, microsoft, fantasy, money, gold, treasure, epic, action, adventure, goodguy, time, effort, max, pinkfloyd, trending, like, follow, fyp, followme",2025,1,11,Saturday,0
6230,thaizende,False,False,5942,643,48600,211000,1452,pt,15,"fyp, fyp, song, musica, fyp, fyp, song",2025,1,13,Monday,23
385100,okkotsu_005,False,False,942,24,6814,270700,175,en,38,"thefable, anime, animerecommendations, newanime2024, foryou, fyp",2024,8,25,Sunday,10
1972,defocuss_,False,False,32,5,112,1492,8,en,17,"aftereffects, aftereffectsedits, anime, animeedit, animeedits, animetiktok, violetevergarden, violetevergardenedit, violetevergardenanime",2024,5,30,Thursday,18
10300,borracha327,False,False,33,0,122,3231,20,en,15,"fypp, thefable, fable, fypシ゚, animeedit, xyzbcafypシ, thefableanime",2025,4,1,Tuesday,0
22800,mussumv2,False,False,406,20,1803,38300,153,pt,55,"thefable, thefableanime, edit, fy, anime, animeedit",2024,9,29,Sunday,22
261600,minzzz04,False,False,171,20,935,48800,26,en,14,"anime, animeedit, animescene, thefable, youko, throwfamily, hanasq, minnn乄",2024,8,28,Wednesday,18
1117,woroke,False,False,1,5,43,1013,1,en,13,"edit, thefable, anime, animeedit, animefyp,  السعودية, العراق",2025,3,9,Sunday,16
826,steady_poppin,False,False,4,6,81,3853,1,en,18,"fable, fable2, fablegame, fable3, nerd, nostalgia, gaming, gamer, fablegameplay, fable3gameplay, fabledlcs, gamingcommunity, community, lionheadstudios, oldgames, childhoodmemories, xbox",2024,11,21,Thursday,3
21900,justagirllearningbsl,False,False,398,16,1896,29200,27,en,10,"signlanguage, bsl, sse, signing, fyp, viral, esl, asl, britishsignlanguage",2024,12,3,Tuesday,20
25100,megangad,False,False,38,20,281,2721,8,en,247," fableapp, bookclub, booktok, bookish, indieauthor, supportsmallbusiness, currentlyreading, greenscreen",2025,3,16,Sunday,13
570,twin.sunns,False,False,1,3,13,255,0,en,251," fable, books, bookish, booktok, tbr, reading, readingtracker, fableapp, fablebookclub, bookclub, book, readingapp",2025,4,11,Friday,0
328700,delaneylynnesmith,False,False,64,18,655,16300,122,en,60," fableapp, buddyreading, booktok, bookclub, bookishapp, bookishthings",2025,2,19,Wednesday,16
8553,read.with.mo,False,False,0,1,85,709,0,en,6,"spoilers, booktok, booktoker, reader, bookreviews, goodreads, thatwasrude, fyp, booktokfyp, readers, kindle, fable, bookreviewer",2025,5,12,Monday,1
1038,julianas.bookshelf,False,False,0,3,19,294,1,en,90,"booktok, romantasy, queerbooks, dystopian, fablefortheendoftheworld, bookrecs, bookreview",2025,4,28,Monday,21
3723,hrrreads,False,False,1,17,32,795,0,en,172," fable, fableapp, booktok, bookish, bookspps, goodreads, storygraph, booktokfyp, readingtracker, bookishproblems",2025,1,3,Friday,22
766000,ezeekat,False,False,135,35,3425,39400,33,en,45,"booktok, fable, bookreview, bookish, yabooks, books",2021,1,3,Sunday,15
102900,smashbashh,False,False,77,80,719,10200,65,en,128,"getfable, booktok, readingapp, bookish, bookworm, app, booktoker, bookclub, booktokfyp, bookishthings, booktracker",2024,10,28,Monday,22
589,heidy.reads,False,False,2,14,47,460,0,en,17,"fablebookclub, fableapp, bookclubtiktok, capcut",2025,3,12,Wednesday,21
2107,morganellareads,False,False,29,13,87,852,1,en,229,"avareid, booktok, bookreview, avareid, fablefortheendoftheworld, harpercollins, yellowface, greenscreen",2025,2,19,Wednesday,16
21800,getfable,False,False,1850,218,31300,5600000,390,en,39,"bookish, bookishthoughts, booktok, fable",2025,2,12,Wednesday,21
11300,maylinesanslou,False,False,3846,98,8555,91600,1051,fr,150,"booktok, booktokfyp, bookworm, fableappbookclub",2024,11,13,Wednesday,15
125500,williampdozier,False,False,4,3,66,2762,0,en,52," getfable, readingapps, bookclub, ad",2025,3,4,Tuesday,23
328700,delaneylynnesmith,False,False,128,114,2200,40100,69,en,107," fablepartner, readinggoal, bookapp, bookishthings, booktok, readersoftiktok, 2025readinggoal",2024,12,31,Tuesday,19
1231,readingbynight,False,False,0,4,16,251,0,en,30,"penelopedouglas, birthdaygirl, booktok, agegap, bookclub, aprilreads, april2025tbr",2025,3,31,Monday,15
1210,rickiereadsbooks,False,False,4,9,36,658,4,en,58," readingapps, reading, books, booktracker",2024,12,16,Monday,17
209,carosolenoc,False,False,563,114,1496,27700,175,es,56," booktok, fable, readingtracker, kindle, getfable, goodreads",2024,10,23,Wednesday,16
596,james_d_richardson,False,False,2,2,41,1151,1,un,35,"fable, fable2, fable2edit, gamertok, xboxseriesx, ladygray",2023,6,14,Wednesday,16
68,fableaustralia,False,False,1,1,5,188,0,en,12,"fablejewellery, perfectstack, finejewellery, amtopm, jewelleryaustralia, layeredlook, accessorizeyourstyle, jewelrytrend, fableaustralia, everydayjewellery, everydayjewelry, jewelleryaustralia, freeshipping, fashionjewellery",2025,4,10,Thursday,13
209,church_15_smug,False,False,12,3,45,1169,0,en,11,"fable, fable2, fable3, lionheadstudios",2023,8,28,Monday,3
47300,mavie.ly,False,False,12600,151,92300,599900,1493,en,40," fyp, songs, tipografia, lyric, fable",2024,12,8,Sunday,20
0,fable_peak,False,False,17,3,46,1937,2,un,45,"fable, fable2, 1vs1, edit, gaming, foryou",2024,9,7,Saturday,6
3490,digitalreina,False,False,139,30,1634,27600,92,en,6,"gamingmemes, fable3, fyp",2024,2,8,Thursday,22
661,_ash4ie,False,False,63,25,285,4852,25,en,18,"jackofblades, fable, fableanniversary, jackfable, jackofbladesfable, edit, game, fypツ, viral",2024,10,5,Saturday,16
864,hollyambersbookshelf,False,False,2,5,21,401,1,en,17,"fableapp, fable, bookclub, booktok, currentlyreading",2025,2,2,Sunday,16
780,caitlinn.reads,False,False,2,7,25,1362,1,en,8,"fable,  fableapp, fablebooks, bookapp, booktok, booktracker",2025,3,7,Friday,17
2110,rorrosbooks,False,False,30,9,88,2251,7,un,54,"booktokespaña, booktok, creatorsearchinsights, booktokespañol, fyp, viralvideos, parati, bookrecs, leer, libros, parati, leer, fable",2025,2,15,Saturday,18
1383,biancathereader,False,False,1,10,37,542,0,en,144,"fablecontroversy, fableapp, fable, ai, booktok",2025,1,7,Tuesday,13
15000,belindaslibrary,False,False,4920,652,14900,512200,487,en,7, greenscreen,2025,1,1,Wednesday,16
1058,jessrussellthenerd,False,False,1,16,28,486,0,en,61,"booktok, australianbooktok, bookworm, bookshelf, booksreccomendations, tbr, fable, fableapp",2024,10,30,Wednesday,23
864,hollyambersbookshelf,False,False,0,2,6,595,0,en,12,"fable, fableapp, tbrlist, booktok",2025,1,7,Tuesday,21
10900,hannah.s.books,False,False,1,3,16,459,0,en,10,"booktok, reader, booklover, bookworm, readingapps, fable",2024,11,3,Sunday,10
3065,the.booket.list,False,False,5,6,26,1035,5,en,8,"fablebookclub, fable, fyp, fyppp, bookclub, bookclubtiktok, bookclubs, onlinebookclub, booktok, booktoker, bookstagram, bookreview, foryoupage, bookish, consantanderconecto",2025,3,16,Sunday,8
70,tohubohu987,False,False,5,0,16,1691,2,en,74,"booktok, book, bookish, fable, goodreads, reading",2024,10,26,Saturday,5
1079,gemgregson,False,False,10,30,123,8378,2,en,11," fable, booktok, kindle, tbr, reading, dailyreading, kindleunlimited, bookrecommendations, bookclub",2025,1,13,Monday,23
1291,sipping_spiced_stories,False,False,737,108,3162,116400,107,en,11,"booktok, books, reading, bookapps, fy",2024,12,14,Saturday,15
9368,cozygirlsteph_,False,False,10,7,117,3055,1,un,53," booktok, booxgocolor7, fyp",2024,12,15,Sunday,0
382,mayrap30,False,False,0,0,5,123,1,en,5,"booktok, bookcommunity, bookcontent, books, bookreview, bookfriends, bookworm",2025,5,7,Wednesday,4
58800,thoughtsofdante,False,False,103,35,1122,25700,17,en,296,"fyp, booktok, reading, tbr, classicliterature, bookhaul, books, bookreview, bookrecs, bookclub, capcut",2024,11,21,Thursday,19
1675,s.e.emory,False,False,0,3,14,337,0,en,94,"booksummary, booktok, fable, romancebooks, authorlife",2024,12,4,Wednesday,16
6808,koji.reads,False,False,50,6,1755,14800,4,en,80," fablepartner, getfable, booktok, booktokph, booktokfyp, edutok, learnitontiktok, bookworm, filipinobooktoker, booktokphilippines, fyp, foryou, booktokfyp",2025,4,24,Thursday,10
1291,sipping_spiced_stories,False,False,737,108,3162,116400,107,en,11,"booktok, books, reading, bookapps, fy",2024,12,14,Saturday,15
12300,libbysfiction,False,False,59,23,407,8050,5,en,236,"books, booktok, booktoker, bookish, booklover, bookreview",2025,1,23,Thursday,20
909,alicerosemae,False,False,1,0,12,454,0,en,96,"elizaclark, booktok, fable, bookish, review",2025,3,11,Tuesday,23
2518,readwithlucyana,False,False,118,26,245,4373,6,ar,115,"booktok, egyptionbooktok,fyp, bookapps",2025,3,24,Monday,20
21800,getfable,False,False,17,11,150,71300,17,en,37,"booktok, bookrecs, bookapp, fable, getfable, bookshelf",2024,11,21,Thursday,22
253,gabbiegossip,False,False,1,14,65,742,3,en,56,"booktok, bookreviews, fable, goodreads, storygraph",2025,1,30,Thursday,14
53300,bethmorvant,False,False,4,7,211,3753,1,en,94," fablepartner, fablebookclub, bethmorvant, readingtracker, ad",2025,3,6,Thursday,18
1076,sweet.p.and.sky,False,False,2,4,19,446,0,un,91,"bookhaul, romantasybooks, fable, booktok, bookrecs",2025,2,9,Sunday,16
42300,samantha.ferrand,False,False,17,6,259,12100,52,en,58," literarylibrabookclub, fable, booktok",2022,4,2,Saturday,16
2944,holowisp,False,False,4,0,53,1761,0,en,162,"bookreview, booktok, fable, fableduology, namesake, yafantasy, fantasybooks, bookish, bookworm",2022,8,12,Friday,4
239,amandafiorentino7,False,False,0,0,5,309,0,en,10,"booktokfyp, fable, bookshelforganization, booktokrecommendations",2024,11,24,Sunday,23
7323,s.had91,False,False,290,41,560,14200,25,en,175,"saint, fable, namesake, booktok, bookreview, bookrecommendations",2024,6,12,Wednesday,19
2784,missrosyrosie,False,False,64,8,174,3419,5,th,89," readingtracker, goodreads, readingapp, bkkbooktok, อ่านตามtiktok, fable, bookjournal, bookclub",2024,10,27,Sunday,4
592,danielabookco,False,False,0,0,3,516,0,en,35,"danielabookco, booktok, bookstagram, bookstagrammer, booksofinstagram, books, bookowl, bookhoarder, booksta, bookish, read, reader, readersofinstagram, bookcommunity, booksofinstagram, bookobsessed, bibliophile, fable, fableapp, newfeature, update",2025,4,3,Thursday,20
12100,miacaven,False,False,2,7,45,1428,4,en,59," fable, booktok",2025,1,4,Saturday,15
8,yourstrulyallison_,False,False,0,0,2,131,0,en,60,"booktok, kindle, bookclub, fableappbookclub, fableapp",2025,5,6,Tuesday,7
21800,getfable,False,False,1,2,89,2487,1,en,61,"fable, founder, booktok, books, readingapp, readingtracker",2024,12,20,Friday,20
780,bookedwithemmal,False,False,1,2,37,304,3,en,55,"book, booktok, books, bookish, bookrecs, fableappbookclub, fableappreads, fableapp, goodreads, joinme, greenscreen, bookapps",2025,5,7,Wednesday,11
1751,shelf4life,False,False,1,4,25,639,1,en,12,"readingapp, media, logging, organizing, favorite, bestbook, rating, goodreads, shelf, storygraph, fable, girly, booktok, recommendations, obsessed",2025,1,21,Tuesday,9
6203,pagebound.co,False,False,6,2,93,1354,2,en,80,"greenscreen, bookapp, fable, goodreads, booktok, bookishthoughts",2025,1,6,Monday,1
275800,erickawitha_ck,False,False,1885,523,13100,561800,2686,en,146," getfable, fablepartner",2024,10,11,Friday,23
3161,books.withanya,False,False,1,2,36,544,0,en,14,"fyp, bookworm, bookclub, bookrecs, booktokfyp, bookish",2025,3,28,Friday,20
57600,exclusivepalmbeachliving,False,False,3,15,106,1828,1,un,135," bookcommunity, booktok, bookclub, fable",2025,1,3,Friday,21
3065,the.booket.list,False,False,3,4,21,496,0,en,17,"bookclubtiktok, bookclub, fyp, fyppp, announcement, bookworm, booktok, booktoker, deepend, alihazelwood, alihazelwoodbooks, bookstagram, bookreview, bookish, fable, fablebookclub, marchbookclub",2025,3,16,Sunday,11
11000,colbyreads,False,False,3,11,77,838,1,en,63,"booktokfyp, bookishtrainer, bookrecs, bookclub, fable",2025,2,18,Tuesday,16
54,unveiledcries,False,False,65,2,583,4847,4,en,34,"fable, gigiperez, lyrics, song",2025,4,12,Saturday,13
177,ang.faith,False,False,317,54,4119,28200,235,en,15," gigiperez, thesims4",2025,2,12,Wednesday,3
105300,hera_musics,False,False,24800,227,164000,932400,1796,un,60,"fable, gigiperez, song, musicvideo, lyricsedit",2025,4,14,Monday,1
977,brianasgoldberg,False,False,3939,74,32100,229800,914,en,15,"gigiperez, fable, capitalloss, sexuality, lgbtqrights, religion, fyp, foryou",2024,11,14,Thursday,15
126,caitlin_performance,False,False,4,6,81,1209,5,en,227,"fyp, fable, cover, music",2025,4,6,Sunday,12
2367,deathpwx,False,False,3942,122,29800,128900,738,en,50,"fyp, viral, fypage, song, viralvideos, viraltiktok, foryoupage, fyyyyyyyyyyyyyyyyyyy, vaiprofycaramba, tipografiasmusicas, tipografias, traducaodemusica, traducao, fyyyyyyyyyyyyyyyy, fable, gigiperez, fyyyyyyyyyyyyyyyyyyy",2025,2,8,Saturday,14
6809,verslyngarnett,False,False,13,34,148,1374,1,en,63," fyp, singersongwriter, cover, gigiperez, fable, xyzbca, viral, guitar",2025,5,8,Thursday,0
21900,jessastunes,False,False,470,90,4140,34000,41,en,53,"cover, singing, gigiperez, fable, fypage, fyp, singer",2024,11,30,Saturday,21
29800,gigiperezvault,False,False,118,6,957,9199,16,en,22," gigiperez, fable, fyp, fypviral, wlw, wuhluhwuh, fangirl, xyzbca, lyrics, live",2025,4,24,Thursday,19
4861,sami.kieren,False,False,25,42,475,3774,0,en,15,"fyp, foryoupage, foryou, queer, lgbtq, wlwchristian, deconstruction, wlw",2025,4,22,Tuesday,0
32,ijustwantcola,False,False,17,5,199,2109,3,ms,59,"fable, gigiperez, lyrics, fyp, fyppppppppppppppppppppppp, fyp, foryou",2025,5,1,Thursday,8
41100,isavellaperez,False,False,3943,150,68000,420100,272,en,11," gigiperez, fable, grief, grieftok",2024,11,4,Monday,2
35,emslibraryoflove,False,False,83,2,627,5189,7,en,36,"music, song, lyrics, fablegigiperez, fable, fyp, foryoupage, xyzbca, trending",2025,3,31,Monday,23
1102,lilybit_17,False,False,11,10,111,873,1,ms,57,"gigiperez, fyp, cover, fable, fablegigiperez, musician",2025,2,9,Sunday,7
27300,_fableflicks,False,False,3846,2498,46700,750400,13200,es,138,"reflexión, reflexionar, fabula, foryou, history",2025,5,6,Tuesday,1
2338,layx..a,False,False,3,4,55,486,2,en,25,"gigiperez, fable, fyp",2025,5,6,Tuesday,17
86,rand0m.posts4you,False,False,45,4,454,4919,2,un,14,"fable, gigiperez, gigi, perez, writing, lyrics, viral, blowup, post, idk, random, viralvideo, fyp, fypp, fyp, fypage, fypviral, fyppppppppppppppppppppppp, yay, foryoupage, foryou, for",2025,5,11,Sunday,1
13,franksrpgcorner,False,False,5,3,36,1604,3,en,71,"fable, fable2, videogames, music, gamingmusic, videogamemusic, videogamemusichalloffame, nostalgicvideogames, nostalgicmusic",2024,8,3,Saturday,15
1001,coaldropssessions,False,False,91,12,678,7275,14,en,90," gigiperez, fable, viralmusic, fypmusic, music, trending, sailorsong, wlw",2025,1,16,Thursday,16
404000,carolinarazo.inefable,False,False,42,1,264,13500,10,es,7,"cambio, motivacion, mujeresempoderadas, crecimientopersonal, inspiracion, mentalidaddesucesso, amorpropio, frasesinspiradoras, somosinefables, inefable",2025,5,12,Monday,18
385400,lyrics.songpremium,False,False,862,23,5461,105400,163,en,60,"gigiperez, lyrics, music, applemusic",2024,11,13,Wednesday,21
1027,ttextlyricss,False,False,184,0,1560,10200,12,ms,54,"gigiperez, fyp, music, foryou, fyp, ttextlyricss, songs, lyrics, lyricvideo, viral",2025,5,2,Friday,2
160,riah.songs,False,False,36,0,279,2879,0,ms,55,"capcut, gigiperez, fable, xyzbca, songs, song, fyp",2025,5,9,Friday,2
156,kannii77,False,False,8,0,50,526,0,en,59,"fable, gigiperez, lyrics",2025,4,21,Monday,18
487100,wingsandwildlands,False,False,9242,1106,103100,600900,13900,en,120,"fabletheraven, talkingbird, ravensoftiktok, uncannyvalley, witchtok",2025,1,31,Friday,8
31100,liareadsawholelot,False,False,569,636,16200,213200,1628,en,61,"kindleunlimited, supportingauthors, indieauthors, kindleunlimitedrecs, kurecs, billionaireromance, mafiaromance, enemiestolovers, grumpysunshine, whodidthistoyou, fakemarriage, smalltown, darkromancerecs, bookrecs, troperecs, booktrope, kindle, booktok, sportsbooks, fyp, booktiktok, foryoupage, kindleunlimited, goodreads, booksof2024, romancebooks, romancebooktok, kindlerecs, readmorebooks, librarybooks, thrillers, fantasy, romantasy",2024,12,31,Tuesday,17
58000,aapueoreads,False,False,22,9,216,4058,6,en,156,"booktok, goodreads, storygraph, fable",2025,1,15,Wednesday,12
11,zoe_.spamm1,False,False,4,6,97,1880,0,en,11," fable, gigiperez, gigiperezfable, famous, asl, learningasl",2025,1,2,Thursday,5
4254,your3amplaylist,False,False,36,1,225,2933,3,ms,60,"slowedsongs, fable, spotifysongs",2025,4,27,Sunday,18
24300,fableengland,False,False,2443,40,13500,171200,1959,en,18,"locket, necklaces",2025,2,5,Wednesday,18
12,boldlycicz,False,False,1,1,5,277,0,un,51,"fyp, viral, spedup, song, jesuslovesyou, boldlyricsz, trending, spotify, gigi, fable",2025,4,20,Sunday,13
2377,ginbutternut._,False,False,5725,96,30600,380500,774,en,59,"Fable,  fable, gigiperez, song, music, editaudios, lyrics, vinly, editaudio, edits, fyp, fyp, viral, trending, xybca, ginbutternut, tiktok",2024,10,26,Saturday,4
1120,yiazzyy,False,False,7,49,126,1137,0,en,57,"fable, gigiperez, guitar, cover, guitarcover, fyp, fypage",2025,4,29,Tuesday,19
6271,gh0sttking,False,False,7366,147,48500,234300,1022,en,57,"fyp, foryou, foryoupage, fy, fable, gigiperez, lyrics, lyricvideo, edit",2025,1,28,Tuesday,21
596,james_d_richardson,False,False,28,7,268,8546,27,en,22,"xboxseriesx, ladygray, gamertok, fable2edit, fable2, fable",2023,6,14,Wednesday,16
395,diidious,False,False,159,37,615,9569,85,en,55,"nostalgiamusic, nostalgi, fable, fable2, game, relatable",2024,4,24,Wednesday,0
101,stahfawx,False,False,21,4,130,2307,29,un,27,"headbobbingcat, dancingcat, thelostchapters, fablethelostchapters, fabletlc, xbox, cat, fable",2023,1,10,Tuesday,17
43,k.h.regan,False,False,174,20,1640,37700,15,un,9,"greenscreenvideo, videogames, fyp, fable, fable2, theboyz, blondie",2022,7,27,Wednesday,10
160,amelie_oakvale_s_hero,False,False,18,15,56,955,2,en,22,"fable, fable2, fableii, rose, fable2rose, firefly, sad, bigsister, oldersister, siblinggrief, videogames, videogame, games, game, xbox, nostalgia, lionhead, lionheart, revenge, grief, fable1, fable3, edits, fablei, fableiii",2024,4,7,Sunday,14
47200,sar_musicsong,False,False,73,10,268,16900,40,en,90,"opening, anime, animemanga, thefable, thefableanime, fyp, fyp, viral, otaku, animefyp, animefyp, animeedit, animetiktok, sar_musicsong, professionalis, ali",2024,5,26,Sunday,15
39400,bdmnn_,False,False,2540,73,13800,236800,513,un,14,"thefable, animequotes, animeedit, fyp",2024,8,26,Monday,18
1100000,senjukny,False,False,30800,462,208600,2500000,1985,es,109,"thefable, thefableedit, akirasato, paratiiiiiiiiiiiiiiiiiiiiiiiiiiiiiii, fyp, badassmoment, animeedit, anime, akiravsyakuza, yoko, viral_video",2025,1,30,Thursday,21
94,gracies.readings,False,False,6,10,61,3355,3,en,11,"booktok, fable, fableapp, fablebookclub, fablebookapp, bookstagram, bookish, goodreads, readingreccomendations, englishliterature, waterstones, bookrecommendations, reading",2025,3,27,Thursday,10
108,fakeedatins,False,False,18,0,279,1392,7,un,28,"vaiprofy, fy, foryoupage, fyppage",2025,5,12,Monday,1
46800,kismetsings,False,False,11500,179,85000,513400,1094,ms,35," fyp, foryou, singingcover, fable, capitalloss, singer, lovewasthelaw, guitarcover",2024,10,31,Thursday,0
29800,gigiperezvault,False,False,66,2,506,5098,6,en,31,"gigiperez, fable, fyp, foryou, fypシ゚viral, xyzbca, wlw, wuhluhwuh, grief, loss",2025,1,17,Friday,18
1025,werido_girl,False,False,1,0,19,186,2,en,30,"overlay, overlaylyrics, overlaysforedits, overlaytext, fable, gigiperez, fablegigiperez, fableoverlay, capcut, goviral, blowup, zxycba, xybca, fypシ゚, viral, viralvideo, viraltiktok, fypシ゚viral",2025,5,9,Friday,19
15500,starsoverlays,False,False,5312,66,33500,406600,369,en,44,"lyricsoverlay, overlay, overlaysforediting, overlaysforedits, overlaylyrics, sadsongs, softaudios",2025,3,13,Thursday,19
29800,gigiperezvault,False,False,71,2,1068,13400,9,en,55," fyp, love, song, religion",2024,10,29,Tuesday,15
138,weloverookie,False,False,22,6,101,2708,14,en,11,"fable3, fableiii, reaver",2023,11,26,Sunday,21
8257,cozy.corner.chronicles,False,False,32,20,101,2889,4,en,157,"fantasybookclub, bookclub, onlinebookclub, someoneyoucanbuildanestin, alanguageofdragons, thelostbookshop, nettleandbone, bookrecs, supportsmallbusiness",2025,1,13,Monday,13
2164,katladykati,False,False,2,5,5,519,2,en,7,"fablebookclub, fable, booktok",2024,12,14,Saturday,13
742,alluretbr,False,False,1,42,15,361,0,en,52,"fyp, booktok, tbrbookclub, bookrecommendations, booktracking, fable, goodreads, storygraph",2024,11,27,Wednesday,4
162900,asensations,False,False,12400,186,90700,645800,912,en,60,"gigiperez, fable, lyrics, songs, fyp",2024,11,7,Thursday,22
1305,popular.lyricssss,False,False,829,38,3249,168500,120,ms,22,"gigiperez, fable, popularlyrics, spotify, fyp",2024,11,1,Friday,20
21500,gigiperezhq,False,False,324,55,2940,15600,71,en,71," gigiperez, fable, fyp, ontour",2025,4,24,Thursday,13
22,3m1ly1108,False,False,1,3,79,1050,1,en,24," gigiperez, fable",2025,5,7,Wednesday,1
129600,spedcvsmics,False,False,7253,91,38400,407700,734,en,54,"fablegigiperez, songlyrics, spotify, editsound, spedup, slowed, spedcvsmics, fy, fyp, audios, shipeditaudio, sadeditaudio",2025,1,29,Wednesday,12
535700,nicoannello,False,False,295,57,3120,30500,55,en,40,"couple, cover, singing, harmony, duo, stuckinspetember, fable, gigiperez, fyp",2025,2,26,Wednesday,0
438,songstolipsyncto_13,False,False,23,0,192,2236,2,ms,11,"songs, fyp, songstolipsyncto, wockstrz, bratgenerator, coquette",2025,5,8,Thursday,1
13000,uhleclaudia,False,False,0,2,54,496,1,de,36,"fable, newrelease, angelzoom, darkwavemusic",2025,5,11,Sunday,19
9331,ishasingss,False,False,9,6,138,1250,4,en,33,"gigiperez, fable, coversongs, singing",2025,3,30,Sunday,8
21800,emilyqiiwzv,False,False,6,2,117,1325,0,un,107,"singing, cover, music, guitar, gigiperez, fable, fyp, foryou",2025,5,2,Friday,20
83,isa.da_bes.1,False,False,0,0,36,275,0,en,15,"gigiperez, fable, wlw, wuhluhwuh, 09",2025,5,10,Saturday,1
6564,cutandclipstudio,False,False,2,0,43,1146,1,ms,257,gigiperez,2025,5,9,Friday,2
25,oazona,False,False,25,1,195,1435,2,ms,26,"fyp, gigiperez, music, viral, fyp, spotify, lyrics, song, relatable",2025,4,28,Monday,14
89,ran_ah2,False,False,127,1,1198,10900,9,en,34,"lyrics_songs, fyp, fyp, lyrics, foryoupage, gigiperez, fable, lyrics, song, foryou, fyppppppppppppppppppppppp, lyrics",2025,4,6,Sunday,1
539,findc0mf0rt,False,False,2,3,59,926,0,en,37,"sailorsong, gigiperez, music, cover, fyp, fable",2025,5,10,Saturday,3
2449,th1ngs.celeb,False,False,498,3,4494,47500,30,en,61,"lyric, lyrics, lyricvideo, fable, gigiperez, fyp, foryoupage",2025,2,11,Tuesday,13
16200,riiv3rrrr,False,False,3,1,62,529,0,en,59,"riiv3rrrr, gigiperez, fable, wlw",2024,10,27,Sunday,20
369,bella_is_bonkers,False,False,4,12,120,1003,1,en,5,"wlw, gigiperez, fyp, sailorsong, masc, fable",2025,4,27,Sunday,3
1932,just__avaa,False,False,31,8,236,3111,4,un,25,"fable, gigiperez, lyrics, fyp, fyp",2025,3,9,Sunday,21
237200,theaspenleaf,False,False,671,65,7402,1000000,124,en,67," readinggoals, booktracking, tbr, booktok, readingwrapup, fablepartner",2025,3,28,Friday,17
15800,autnisand_,False,False,6,40,756,5778,7,en,7,"ootd, outfitoftheday, sundresses, sundressseason, targetfinds, wildfabledress, fyp, fyp, fypviral, foryoupage, fyppppppppppppppppppppppp, girlswithblackhair, tattooedgirls, girlswithtattoos",2025,5,12,Monday,14
441,lucyprinceee,False,False,20,22,303,2450,4,en,35," fable, gigiperez, cover, singing, fyp, foryoupage, independentartist, viral, singersongwriter",2025,5,5,Monday,18
12300,iamflashyy,False,False,3,7,87,1422,0,en,74,"pokemon, shroudedfable, packopening, masterset, pokemoncommunity",2025,5,11,Sunday,21
404000,carolinarazo.inefable,False,False,7,0,77,8296,7,es,6,"cambio, motivacion, mujeresempoderadas, crecimientopersonal, inspiracion, mentalidaddesucesso, amorpropio, frasesinspiradoras, somosinefables, inefable",2025,5,12,Monday,18
51500,alianamwhitee,False,False,7042,377,56800,242700,1149,en,64," singer, songcover, gigiperez, newartist, fyp",2025,1,23,Thursday,20
128200,_anastasiagracia_,False,False,19,25,753,9633,33,en,109,"greenscreen, fyp, fable, ai, goodreads, booktok",2025,1,3,Friday,20
149300,kris.and.mads,False,False,29,36,412,10100,16,en,94,"@kris.and.mads , thesisterhoodbookclub, fablebookclub, sisterbookclub, fantasybooks, sistersoftiktok, tbr",2023,3,31,Friday,13
1184,taysbooksandlooks,False,False,5,19,76,451,1,en,46," fantasybooks, romantasybooks, bookreconmendations, bookstoread, fantasyseries, romantasybookrecs, creatorsearchinsights",2025,3,23,Sunday,17
434,jaidesbookdiary,False,False,0,2,12,1621,2,en,57,"reading, booktok, fable, goodreads, bookrecs, bookrecommendations, bookish",2024,12,19,Thursday,21
2,zooka1k,False,False,0,0,2,146,0,en,13,"booktok, reading, booklover, bookstagram, bookish, bookworm, cozyvibes, goodreads, books, aesthetic, fable, zooka, bookrecs, booktok, bookrecommendations, favoritebooks, bookish, fable, reading, booklover, bookworm, cozyvibes, aesthetic, fyp, bookclub, booklove",2025,2,28,Friday,1
2218,keepitkozy,False,False,127,18,308,9099,8,en,58,"boox, booxpalma2, books, ereader, eink, ereader, booktok, tech, bookish",2025,3,19,Wednesday,21
21800,getfable,False,False,6,2,34,2281,1,en,7,"bookishhumor, booktok, fable, readingapp, readingstreak",2025,1,29,Wednesday,21
2576,bookish_b_,False,False,4,0,26,399,1,en,6,"booktok, bookworm, bookish, booktokker, nexttoyoubook, bookrecommendations, hannahbonamyoung, whatshouldireadnext, bookreview, fable",2025,1,31,Friday,3
83200,suonnahbooks,False,False,2,2,38,2063,3,en,164," getfable, fableapp, fableshelfie, shelfie, shelfietour, bookstagram, bookstagrammer, booktok, booksbooksbooks, booklover",2024,11,21,Thursday,19
1452,julia.o.reads,False,False,46,32,163,4083,8,es,233,"libroslibroslibros, librosen60seg, booktoklatinoamerica, booktokmexico, booktokespañol, fable",2025,1,22,Wednesday,19
346900,.speedy.s0ngsz,False,False,7010,82,49400,408300,371,ms,60,"fable, gigiperez, lyrics, spedup, speedys0ngsz",2024,12,16,Monday,0
16000,moonsz_.songs,False,False,127,1,1175,11600,3,en,34,"gigiperez, fable, song, fyp, lirycs",2025,1,15,Wednesday,5
18100,poetry.shaman,False,False,15,9,116,1464,2,un,598,"poetryshaman, books, bookreview, fablefortheendoftheworld, avareid",2025,3,3,Monday,17
11100,ermreading,False,False,3,8,90,685,0,en,288,"fablefortheendoftheworld, avareid, dystopianbooks, sapphicbooks, ermreading",2025,5,8,Thursday,10
4801,jrenereads,False,False,7,16,107,9630,0,en,43,"booktok, getfable,  goodreads, readinglog, bookapps",2024,12,14,Saturday,16
1122,bootbrownie,False,False,1,5,22,165,0,en,226,"fable, booktok, bookreview, kindleunlimited, fyp, meme, memecut, explore, bookhaul, bookrecommendations, blackbooktok",2025,1,3,Friday,21
7497,jz518971,False,False,7,26,110,3193,0,en,240,"books, booktok, bookreview, read, fablefortheendoftheworld, avareid, dystopianbooks, fantasybooks, sapphicbooks, reader, reading",2025,2,21,Friday,18
40,faetalespodcast,False,False,0,2,105,1099,1,en,6,"books, bookpodcast, booktok, bookstagram, reading, fable, bookclub, readinglist, tbr, review, podcast",2025,4,30,Wednesday,21
21800,getfable,False,False,1850,217,31300,5600000,390,en,39,"bookish, bookishthoughts, booktok, fable",2025,2,12,Wednesday,21
181600,by.emmaleah,False,False,21,8,358,3559,3,en,16,"hairgrowth, haircareroutine, haircare, hairgrowthtips, hairoiling, hairoilsforgrowth, asmr",2025,5,12,Monday,17
6795,rusting.stars,False,False,0,0,2,23,0,un,10,"daeira, daeiracosplay, fablesmp, fablesmpcosplay, chronicalsofwonder, chronicalsofwondercosplay, mcyt, mcytcosplay",2025,5,12,Monday,19
1740,adastra_stories,False,False,11,5,143,10700,21,en,88,"booktok, readersoftiktok, reading",2025,1,8,Wednesday,16
5050,jessie.readsromantasy,False,False,6,0,25,6186,4,en,77," fable, goodreads, booktracker, booktok, kindle, kindleunlimited, readinggoals",2024,10,25,Friday,17
285,aimet001,False,False,1,1,18,540,1,en,8,"bookrecs, booktok, bookrecommendations, favoritebooks, bookish, fable, jpj3l",2025,3,12,Wednesday,12
966,tanyaryanxo,False,False,2,15,37,955,1,en,81," booktok, booktokgirlies, readers, fable",2025,3,31,Monday,16
47000,ehunzi,False,False,509,299,23300,264400,445,en,28,"fable, fableapp, booktok, books",2025,1,3,Friday,16
